model_column,samples_evaluated,accuracy,macro_precision,macro_recall,macro_f1,weighted_precision,weighted_recall,weighted_f1,micro_precision,micro_recall,micro_f1
final_base_sentiment,1000,0.555,0.33812954757071384,0.3353361242233901,0.3334655569274636,0.5660909381412679,0.555,0.5552510964040168,0.555,0.555,0.555
final_finetuned_sentiment,1000,0.569,0.3470951771804399,0.3438403433224317,0.34213332905063554,0.581205039508208,0.569,0.5696438404480926,0.569,0.569,0.569
final_large_sentiment,1000,0.55,0.3359995847319791,0.3320801978373159,0.3312212292342319,0.5620770529812784,0.55,0.5511936898496216,0.55,0.55,0.55
