model_column,samples_evaluated,accuracy,macro_precision,macro_recall,macro_f1,weighted_precision,weighted_recall,weighted_f1,micro_precision,micro_recall,micro_f1
final_base_sentiment,1000,0.567,0.3418800842054707,0.34182006736444764,0.34052007232365344,0.5712578662030928,0.567,0.5669815705465958,0.567,0.567,0.567
final_finetuned_sentiment,1000,0.572,0.3459613729168966,0.34490374738573215,0.3437646432607424,0.5785941664520717,0.572,0.5725616498960592,0.572,0.572,0.572
final_large_sentiment,1000,0.548,0.33164465786576713,0.330133931164133,0.32957261088067624,0.5539121385342878,0.548,0.5486815832542687,0.548,0.548,0.548
